1,1,001_Two_Sum,https://raw.githubusercontent.com/jakehoare/leetcode/master/001_Two_Sum.py
2,2,002_Add_Two_Numbers,https://raw.githubusercontent.com/jakehoare/leetcode/master/002_Add_Two_Numbers.py
3,2,003_Longest_Substring_Without_Repeating_Characters,https://raw.githubusercontent.com/jakehoare/leetcode/master/003_Longest_Substring_Without_Repeating_Characters.py
4,3,004_Median_of_Two_Sorted_Arrays,https://raw.githubusercontent.com/jakehoare/leetcode/master/004_Median_of_Two_Sorted_Arrays.py
5,2,005_Longest_Palindromic_Substring,https://raw.githubusercontent.com/jakehoare/leetcode/master/005_Longest_Palindromic_Substring.py
6,2,006_ZigZag_Conversion,https://raw.githubusercontent.com/jakehoare/leetcode/master/006_ZigZag_Conversion.py
7,1,007_Reverse_Integer,https://raw.githubusercontent.com/jakehoare/leetcode/master/007_Reverse_Integer.py
8,2,008_String_to_Integer_(atoi),https://raw.githubusercontent.com/jakehoare/leetcode/master/008_String_to_Integer_(atoi).py
9,1,009_Palindrome_Number,https://raw.githubusercontent.com/jakehoare/leetcode/master/009_Palindrome_Number.py
10,3,010_Regular_Expression_Matching,https://raw.githubusercontent.com/jakehoare/leetcode/master/010_Regular_Expression_Matching.py
11,2,011_Container_With_Most_Water,https://raw.githubusercontent.com/jakehoare/leetcode/master/011_Container_With_Most_Water.py
12,2,012_Integer_to_Roman,https://raw.githubusercontent.com/jakehoare/leetcode/master/012_Integer_to_Roman.py
13,1,013_Roman_to_Integer,https://raw.githubusercontent.com/jakehoare/leetcode/master/013_Roman_to_Integer.py
14,1,014_Longest_Common_Prefix,https://raw.githubusercontent.com/jakehoare/leetcode/master/014_Longest_Common_Prefix.py
15,2,015_3Sum,https://raw.githubusercontent.com/jakehoare/leetcode/master/015_3Sum.py
16,2,016_3Sum_Closest,https://raw.githubusercontent.com/jakehoare/leetcode/master/016_3Sum_Closest.py
17,2,017_Letter_Combinations_of_a_Phone_Number,https://raw.githubusercontent.com/jakehoare/leetcode/master/017_Letter_Combinations_of_a_Phone_Number.py
18,2,018_4Sum,https://raw.githubusercontent.com/jakehoare/leetcode/master/018_4Sum.py
19,2,019_Remove_Nth_Node_From_End_of_List,https://raw.githubusercontent.com/jakehoare/leetcode/master/019_Remove_Nth_Node_From_End_of_List.py
20,1,020_Valid_Parentheses,https://raw.githubusercontent.com/jakehoare/leetcode/master/020_Valid_Parentheses.py
21,1,021_Merge_Two_Sorted_Lists,https://raw.githubusercontent.com/jakehoare/leetcode/master/021_Merge_Two_Sorted_Lists.py
22,2,022_Generate_Parentheses,https://raw.githubusercontent.com/jakehoare/leetcode/master/022_Generate_Parentheses.py
23,3,023_Merge_k_Sorted_Lists,https://raw.githubusercontent.com/jakehoare/leetcode/master/023_Merge_k_Sorted_Lists.py
24,2,024_Swap_Nodes_in_Pairs,https://raw.githubusercontent.com/jakehoare/leetcode/master/024_Swap_Nodes_in_Pairs.py
25,3,025_Reverse_Nodes_in_k-Group,https://raw.githubusercontent.com/jakehoare/leetcode/master/025_Reverse_Nodes_in_k-Group.py
26,1,026_Remove_Duplicates_from_Sorted_Array,https://raw.githubusercontent.com/jakehoare/leetcode/master/026_Remove_Duplicates_from_Sorted_Array.py
27,1,027_Remove_Element,https://raw.githubusercontent.com/jakehoare/leetcode/master/027_Remove_Element.py
28,1,028_Implement_strStr(),https://raw.githubusercontent.com/jakehoare/leetcode/master/028_Implement_strStr().py
29,2,029_Divide_Two_Integers,https://raw.githubusercontent.com/jakehoare/leetcode/master/029_Divide_Two_Integers.py
30,3,030_Substring_with_Concatenation_of_All_Words,https://raw.githubusercontent.com/jakehoare/leetcode/master/030_Substring_with_Concatenation_of_All_Words.py
31,2,031_Next_Permutation,https://raw.githubusercontent.com/jakehoare/leetcode/master/031_Next_Permutation.py
32,3,032_Longest_Valid_Parentheses,https://raw.githubusercontent.com/jakehoare/leetcode/master/032_Longest_Valid_Parentheses.py
33,2,033_Search_in_Rotated_Sorted_Array,https://raw.githubusercontent.com/jakehoare/leetcode/master/033_Search_in_Rotated_Sorted_Array.py
34,2,034_Search_for_a_Range,https://raw.githubusercontent.com/jakehoare/leetcode/master/034_Search_for_a_Range.py
35,1,035_Search_Insert_Position,https://raw.githubusercontent.com/jakehoare/leetcode/master/035_Search_Insert_Position.py
36,2,036_Valid_Sudoku,https://raw.githubusercontent.com/jakehoare/leetcode/master/036_Valid_Sudoku.py
37,3,037_Sudoku_Solver,https://raw.githubusercontent.com/jakehoare/leetcode/master/037_Sudoku_Solver.py
38,1,038_Count_and_Say,https://raw.githubusercontent.com/jakehoare/leetcode/master/038_Count_and_Say.py
39,2,039_Combination_Sum,https://raw.githubusercontent.com/jakehoare/leetcode/master/039_Combination_Sum.py
40,2,040_Combination_Sum_II,https://raw.githubusercontent.com/jakehoare/leetcode/master/040_Combination_Sum_II.py
41,3,041_First_Missing_Positive,https://raw.githubusercontent.com/jakehoare/leetcode/master/041_First_Missing_Positive.py
42,3,042_Trapping_Rain_Water,https://raw.githubusercontent.com/jakehoare/leetcode/master/042_Trapping_Rain_Water.py
43,2,043_Multiply_Strings,https://raw.githubusercontent.com/jakehoare/leetcode/master/043_Multiply_Strings.py
44,3,044_Wildcard_Matching,https://raw.githubusercontent.com/jakehoare/leetcode/master/044_Wildcard_Matching.py
45,3,045_Jump_Game_II,https://raw.githubusercontent.com/jakehoare/leetcode/master/045_Jump_Game_II.py
46,2,046_Permutations,https://raw.githubusercontent.com/jakehoare/leetcode/master/046_Permutations.py
47,2,047_Permutations_II,https://raw.githubusercontent.com/jakehoare/leetcode/master/047_Permutations_II.py
48,2,048_Rotate_Image,https://raw.githubusercontent.com/jakehoare/leetcode/master/048_Rotate_Image.py
49,2,049_Group_Anagrams,https://raw.githubusercontent.com/jakehoare/leetcode/master/049_Group_Anagrams.py
50,2,"050_Pow(x,n)",https://raw.githubusercontent.com/jakehoare/leetcode/master/050_Pow(x%2Cn).py
51,3,051_N-Queens,https://raw.githubusercontent.com/jakehoare/leetcode/master/051_N-Queens.py
52,3,052_N-Queens_II,https://raw.githubusercontent.com/jakehoare/leetcode/master/052_N-Queens_II.py
53,1,053_Maximum_Subarray,https://raw.githubusercontent.com/jakehoare/leetcode/master/053_Maximum_Subarray.py
54,2,054_Spiral_Matrix,https://raw.githubusercontent.com/jakehoare/leetcode/master/054_Spiral_Matrix.py
55,2,055_Jump_Game,https://raw.githubusercontent.com/jakehoare/leetcode/master/055_Jump_Game.py
56,2,056_Merge_Intervals,https://raw.githubusercontent.com/jakehoare/leetcode/master/056_Merge_Intervals.py
57,3,057_Insert_Intervals,https://raw.githubusercontent.com/jakehoare/leetcode/master/057_Insert_Intervals.py
58,1,058_Length_of_Last_Word,https://raw.githubusercontent.com/jakehoare/leetcode/master/058_Length_of_Last_Word.py
59,2,059_Spiral_Matrix_II,https://raw.githubusercontent.com/jakehoare/leetcode/master/059_Spiral_Matrix_II.py
60,2,060_Permutation_Sequence,https://raw.githubusercontent.com/jakehoare/leetcode/master/060_Permutation_Sequence.py
61,2,061_Rotate_List,https://raw.githubusercontent.com/jakehoare/leetcode/master/061_Rotate_List.py
62,2,062_Unique_Paths,https://raw.githubusercontent.com/jakehoare/leetcode/master/062_Unique_Paths.py
63,2,063_Unique_Paths_II,https://raw.githubusercontent.com/jakehoare/leetcode/master/063_Unique_Paths_II.py
64,2,064_Minimum_Path_Sum,https://raw.githubusercontent.com/jakehoare/leetcode/master/064_Minimum_Path_Sum.py
65,3,065_Valid_Number,https://raw.githubusercontent.com/jakehoare/leetcode/master/065_Valid_Number.py
66,1,066_Plus_One,https://raw.githubusercontent.com/jakehoare/leetcode/master/066_Plus_One.py
67,1,067_Add_Binary,https://raw.githubusercontent.com/jakehoare/leetcode/master/067_Add_Binary.py
68,3,068_Text_Justification,https://raw.githubusercontent.com/jakehoare/leetcode/master/068_Text_Justification.py
69,1,069_Sqrt(x),https://raw.githubusercontent.com/jakehoare/leetcode/master/069_Sqrt(x).py
70,1,070_Climbing_Stairs,https://raw.githubusercontent.com/jakehoare/leetcode/master/070_Climbing_Stairs.py
71,2,071_Simplify_Path,https://raw.githubusercontent.com/jakehoare/leetcode/master/071_Simplify_Path.py
72,3,072_Edit_Distance,https://raw.githubusercontent.com/jakehoare/leetcode/master/072_Edit_Distance.py
73,2,073_Set_Matrix_Zeroes,https://raw.githubusercontent.com/jakehoare/leetcode/master/073_Set_Matrix_Zeroes.py
74,2,074_Search_a_2D_Matrix,https://raw.githubusercontent.com/jakehoare/leetcode/master/074_Search_a_2D_Matrix.py
75,2,075_Sort_Colors,https://raw.githubusercontent.com/jakehoare/leetcode/master/075_Sort_Colors.py
76,3,076_Maximum_Window_Substring,https://raw.githubusercontent.com/jakehoare/leetcode/master/076_Maximum_Window_Substring.py
77,2,077_Combinations,https://raw.githubusercontent.com/jakehoare/leetcode/master/077_Combinations.py
78,2,078_Subsets,https://raw.githubusercontent.com/jakehoare/leetcode/master/078_Subsets.py
79,2,079_Word_Search,https://raw.githubusercontent.com/jakehoare/leetcode/master/079_Word_Search.py
80,2,080_Remove_Duplicates_from_Sorted_Array_II,https://raw.githubusercontent.com/jakehoare/leetcode/master/080_Remove_Duplicates_from_Sorted_Array_II.py
81,2,081_Search_in_Rotated_Sorted_Array_II,https://raw.githubusercontent.com/jakehoare/leetcode/master/081_Search_in_Rotated_Sorted_Array_II.py
82,2,082_Remove_Duplicates_from_Sorted_List_II,https://raw.githubusercontent.com/jakehoare/leetcode/master/082_Remove_Duplicates_from_Sorted_List_II.py
83,1,083_Remove_Duplicates_from_Sorted_List,https://raw.githubusercontent.com/jakehoare/leetcode/master/083_Remove_Duplicates_from_Sorted_List.py
84,3,084_Largest_Rectangle_in_Histogram,https://raw.githubusercontent.com/jakehoare/leetcode/master/084_Largest_Rectangle_in_Histogram.py
85,3,085_Maximal_Rectangle,https://raw.githubusercontent.com/jakehoare/leetcode/master/085_Maximal_Rectangle.py
86,2,086_Partition_List,https://raw.githubusercontent.com/jakehoare/leetcode/master/086_Partition_List.py
87,3,087_Scramble_String,https://raw.githubusercontent.com/jakehoare/leetcode/master/087_Scramble_String.py
88,1,088_Merge_Sorted_Array,https://raw.githubusercontent.com/jakehoare/leetcode/master/088_Merge_Sorted_Array.py
89,2,089_Gray_Code,https://raw.githubusercontent.com/jakehoare/leetcode/master/089_Gray_Code.py
90,2,090_Subsets_II,https://raw.githubusercontent.com/jakehoare/leetcode/master/090_Subsets_II.py
91,2,091_Decode_Ways,https://raw.githubusercontent.com/jakehoare/leetcode/master/091_Decode_Ways.py
92,2,092_Reverse_Linked_List_II,https://raw.githubusercontent.com/jakehoare/leetcode/master/092_Reverse_Linked_List_II.py
93,2,093_Restore_IP_Addresses,https://raw.githubusercontent.com/jakehoare/leetcode/master/093_Restore_IP_Addresses.py
94,2,094_Binary_Tree_Inorder_Traversal,https://raw.githubusercontent.com/jakehoare/leetcode/master/094_Binary_Tree_Inorder_Traversal.py
95,2,095_Unique_Binary_Search_Trees_II,https://raw.githubusercontent.com/jakehoare/leetcode/master/095_Unique_Binary_Search_Trees_II.py
96,2,096_Unique_Binary_Search_Trees,https://raw.githubusercontent.com/jakehoare/leetcode/master/096_Unique_Binary_Search_Trees.py
97,3,097_Interleaving_String,https://raw.githubusercontent.com/jakehoare/leetcode/master/097_Interleaving_String.py
98,2,098_Validate_Binary_Search_Tree,https://raw.githubusercontent.com/jakehoare/leetcode/master/098_Validate_Binary_Search_Tree.py
99,3,099_Recover_Binary_Search_Tree,https://raw.githubusercontent.com/jakehoare/leetcode/master/099_Recover_Binary_Search_Tree.py
100,1,100_Same_Tree,https://raw.githubusercontent.com/jakehoare/leetcode/master/100_Same_Tree.py
101,1,101_Symmetric_Tree,https://raw.githubusercontent.com/jakehoare/leetcode/master/101_Symmetric_Tree.py
102,2,102_Binary_Tree_Level_Order_Traversal,https://raw.githubusercontent.com/jakehoare/leetcode/master/102_Binary_Tree_Level_Order_Traversal.py
103,2,103_Binary_Tree_Zigzag_Level_Order_Traversal,https://raw.githubusercontent.com/jakehoare/leetcode/master/103_Binary_Tree_Zigzag_Level_Order_Traversal.py
104,1,104_Maximum_Depth_of_Binary_Tree,https://raw.githubusercontent.com/jakehoare/leetcode/master/104_Maximum_Depth_of_Binary_Tree.py
105,2,105_Construct_Binary_Tree_from_Preorder_and_Inorder_Traversal,https://raw.githubusercontent.com/jakehoare/leetcode/master/105_Construct_Binary_Tree_from_Preorder_and_Inorder_Traversal.py
106,2,106_Construct_Binary_Tree_from_Postorder_and_Inorder_Traversal,https://raw.githubusercontent.com/jakehoare/leetcode/master/106_Construct_Binary_Tree_from_Postorder_and_Inorder_Traversal.py
107,1,107_Binary_Tree_Level_Order_Traversal_II,https://raw.githubusercontent.com/jakehoare/leetcode/master/107_Binary_Tree_Level_Order_Traversal_II.py
108,1,108_Convert_Sorted_Array_to_Binary_Search_Tree,https://raw.githubusercontent.com/jakehoare/leetcode/master/108_Convert_Sorted_Array_to_Binary_Search_Tree.py
109,2,109_Convert_Sorted_List_to_Binary_Search_Tree,https://raw.githubusercontent.com/jakehoare/leetcode/master/109_Convert_Sorted_List_to_Binary_Search_Tree.py
110,1,110_Balanced_Binary_Tree,https://raw.githubusercontent.com/jakehoare/leetcode/master/110_Balanced_Binary_Tree.py
111,1,111_Minimum_Depth_of_Binary_Tree,https://raw.githubusercontent.com/jakehoare/leetcode/master/111_Minimum_Depth_of_Binary_Tree.py
112,1,112_Path_Sum,https://raw.githubusercontent.com/jakehoare/leetcode/master/112_Path_Sum.py
113,2,113_Path_Sum_II,https://raw.githubusercontent.com/jakehoare/leetcode/master/113_Path_Sum_II.py
114,2,114_Flatten_Binary_Tree_to_Linked_List,https://raw.githubusercontent.com/jakehoare/leetcode/master/114_Flatten_Binary_Tree_to_Linked_List.py
115,3,115_Distinct_Subsequences,https://raw.githubusercontent.com/jakehoare/leetcode/master/115_Distinct_Subsequences.py
116,2,116_Populating_Next_Right_Pointers_in_Each_Node,https://raw.githubusercontent.com/jakehoare/leetcode/master/116_Populating_Next_Right_Pointers_in_Each_Node.py
117,2,117_Populating_Next_Right_Pointers_in_Each_Node_II,https://raw.githubusercontent.com/jakehoare/leetcode/master/117_Populating_Next_Right_Pointers_in_Each_Node_II.py
118,1,118_Pascal's_Triangle,https://raw.githubusercontent.com/jakehoare/leetcode/master/118_Pascal's_Triangle.py
119,1,119_Pascal's_Triangle_II,https://raw.githubusercontent.com/jakehoare/leetcode/master/119_Pascal's_Triangle_II.py
120,2,120_Triangle,https://raw.githubusercontent.com/jakehoare/leetcode/master/120_Triangle.py
121,1,121_Best_Time_to_Buy_and_Sell_Stock,https://raw.githubusercontent.com/jakehoare/leetcode/master/121_Best_Time_to_Buy_and_Sell_Stock.py
122,1,122_Best_Time_to_Buy_and_Sell_Stock_II,https://raw.githubusercontent.com/jakehoare/leetcode/master/122_Best_Time_to_Buy_and_Sell_Stock_II.py
123,3,123_Best_Time_to_Buy_and_Sell_Stock_III,https://raw.githubusercontent.com/jakehoare/leetcode/master/123_Best_Time_to_Buy_and_Sell_Stock_III.py
124,3,124_Binary_Tree_Maximum_Path_Sum,https://raw.githubusercontent.com/jakehoare/leetcode/master/124_Binary_Tree_Maximum_Path_Sum.py
125,1,125_Valid_Palindrome,https://raw.githubusercontent.com/jakehoare/leetcode/master/125_Valid_Palindrome.py
126,3,126_Word_Ladder_II,https://raw.githubusercontent.com/jakehoare/leetcode/master/126_Word_Ladder_II.py
127,2,127_Word_Ladder,https://raw.githubusercontent.com/jakehoare/leetcode/master/127_Word_Ladder.py
128,3,128_Longest_Consecutive_Sequence,https://raw.githubusercontent.com/jakehoare/leetcode/master/128_Longest_Consecutive_Sequence.py
129,2,129_Sum_Root_to_Leaf_Numbers,https://raw.githubusercontent.com/jakehoare/leetcode/master/129_Sum_Root_to_Leaf_Numbers.py
130,2,130_Surrounded_Regions,https://raw.githubusercontent.com/jakehoare/leetcode/master/130_Surrounded_Regions.py
131,2,131_Palindrome_Partitioning,https://raw.githubusercontent.com/jakehoare/leetcode/master/131_Palindrome_Partitioning.py
132,3,132_Palindrome_Partitioning_II,https://raw.githubusercontent.com/jakehoare/leetcode/master/132_Palindrome_Partitioning_II.py
133,2,133_Clone_Graph,https://raw.githubusercontent.com/jakehoare/leetcode/master/133_Clone_Graph.py
134,2,134_Gas_Station,https://raw.githubusercontent.com/jakehoare/leetcode/master/134_Gas_Station.py
135,3,135_Candy,https://raw.githubusercontent.com/jakehoare/leetcode/master/135_Candy.py
136,1,136_Single_Number,https://raw.githubusercontent.com/jakehoare/leetcode/master/136_Single_Number.py
137,2,137_Single_Number_II,https://raw.githubusercontent.com/jakehoare/leetcode/master/137_Single_Number_II.py
138,2,138_Copy_List_with_Random_Pointer,https://raw.githubusercontent.com/jakehoare/leetcode/master/138_Copy_List_with_Random_Pointer.py
139,2,139_Word_Break,https://raw.githubusercontent.com/jakehoare/leetcode/master/139_Word_Break.py
140,3,140_Word_Break_II,https://raw.githubusercontent.com/jakehoare/leetcode/master/140_Word_Break_II.py
141,1,141_Linked_List_Cycle,https://raw.githubusercontent.com/jakehoare/leetcode/master/141_Linked_List_Cycle.py
142,2,142_Linked_List_Cycle_II,https://raw.githubusercontent.com/jakehoare/leetcode/master/142_Linked_List_Cycle_II.py
143,2,143_Reorder_List,https://raw.githubusercontent.com/jakehoare/leetcode/master/143_Reorder_List.py
144,2,144_Binary_Tree_Preorder_Traversal,https://raw.githubusercontent.com/jakehoare/leetcode/master/144_Binary_Tree_Preorder_Traversal.py
145,3,145_Binary_Tree_Postorder_Traversal,https://raw.githubusercontent.com/jakehoare/leetcode/master/145_Binary_Tree_Postorder_Traversal.py
146,3,146_LRU_Cache,https://raw.githubusercontent.com/jakehoare/leetcode/master/146_LRU_Cache.py
147,2,147_Insertion_Sort_List,https://raw.githubusercontent.com/jakehoare/leetcode/master/147_Insertion_Sort_List.py
148,2,148_Sort_List,https://raw.githubusercontent.com/jakehoare/leetcode/master/148_Sort_List.py
149,3,149_Max_Points_on_a_Line,https://raw.githubusercontent.com/jakehoare/leetcode/master/149_Max_Points_on_a_Line.py
150,2,150_Evaluate_Reverse_Polish_Notation,https://raw.githubusercontent.com/jakehoare/leetcode/master/150_Evaluate_Reverse_Polish_Notation.py
151,2,151_Reverse_Words_in_a_String,https://raw.githubusercontent.com/jakehoare/leetcode/master/151_Reverse_Words_in_a_String.py
152,2,152_Maximum_Product_Subarray,https://raw.githubusercontent.com/jakehoare/leetcode/master/152_Maximum_Product_Subarray.py
153,2,153_Find_Minimum_in_Rotated_Sorted_Array,https://raw.githubusercontent.com/jakehoare/leetcode/master/153_Find_Minimum_in_Rotated_Sorted_Array.py
154,3,154_Find_Minimum_in_Rotated_Sorted_Array_II,https://raw.githubusercontent.com/jakehoare/leetcode/master/154_Find_Minimum_in_Rotated_Sorted_Array_II.py
155,1,155_Min_Stack,https://raw.githubusercontent.com/jakehoare/leetcode/master/155_Min_Stack.py
156,2,156_Binary_Tree_Upside_Down,https://raw.githubusercontent.com/jakehoare/leetcode/master/156_Binary_Tree_Upside_Down.py
157,1,157_Read_N_Characters_Given_Read4,https://raw.githubusercontent.com/jakehoare/leetcode/master/157_Read_N_Characters_Given_Read4.py
158,3,158_Read_N_Characters_Given_Read4_II_-_Call_multiple_times,https://raw.githubusercontent.com/jakehoare/leetcode/master/158_Read_N_Characters_Given_Read4_II_-_Call_multiple_times.py
159,3,159_Longest Substring_with_At_Most_Two_Distinct_Characters,https://raw.githubusercontent.com/jakehoare/leetcode/master/159_Longest%20Substring_with_At_Most_Two_Distinct_Characters.py
160,1,160_Intersection_of_Two_Linked_Lists,https://raw.githubusercontent.com/jakehoare/leetcode/master/160_Intersection_of_Two_Linked_Lists.py
161,2,161_One_Edit_Distance,https://raw.githubusercontent.com/jakehoare/leetcode/master/161_One_Edit_Distance.py
162,2,162_Find_Peak_Element,https://raw.githubusercontent.com/jakehoare/leetcode/master/162_Find_Peak_Element.py
163,2,163_Missing_Ranges,https://raw.githubusercontent.com/jakehoare/leetcode/master/163_Missing_Ranges.py
164,3,164_Maximum_Gap,https://raw.githubusercontent.com/jakehoare/leetcode/master/164_Maximum_Gap.py
165,2,165_Compare_Version_Numbers,https://raw.githubusercontent.com/jakehoare/leetcode/master/165_Compare_Version_Numbers.py
166,2,166_Fraction_to_Recurring_Decimal,https://raw.githubusercontent.com/jakehoare/leetcode/master/166_Fraction_to_Recurring_Decimal.py
167,1,167_Two_Sum_II_-_Input_array_is_sorted,https://raw.githubusercontent.com/jakehoare/leetcode/master/167_Two_Sum_II_-_Input_array_is_sorted.py
168,1,168_Excel_Sheet_Column_Title,https://raw.githubusercontent.com/jakehoare/leetcode/master/168_Excel_Sheet_Column_Title.py
169,1,169_Majority_Element,https://raw.githubusercontent.com/jakehoare/leetcode/master/169_Majority_Element.py
170,1,170_Two_Sum_III_-_Data_structure_design,https://raw.githubusercontent.com/jakehoare/leetcode/master/170_Two_Sum_III_-_Data_structure_design.py
171,1,171_Excel_Sheet_Column_Number,https://raw.githubusercontent.com/jakehoare/leetcode/master/171_Excel_Sheet_Column_Number.py
172,1,172_Factorial_Trailing_Zeros,https://raw.githubusercontent.com/jakehoare/leetcode/master/172_Factorial_Trailing_Zeros.py
173,2,173_Binary_Search_Tree_Iterator,https://raw.githubusercontent.com/jakehoare/leetcode/master/173_Binary_Search_Tree_Iterator.py
174,3,174_Dungeon_Game,https://raw.githubusercontent.com/jakehoare/leetcode/master/174_Dungeon_Game.py
179,2,179_Largest_Number,https://raw.githubusercontent.com/jakehoare/leetcode/master/179_Largest_Number.py
186,2,186_Reverse_Words_in_a_String_II,https://raw.githubusercontent.com/jakehoare/leetcode/master/186_Reverse_Words_in_a_String_II.py
187,2,187_Repeated_DNA_Sequences,https://raw.githubusercontent.com/jakehoare/leetcode/master/187_Repeated_DNA_Sequences.py
188,3,188_Best_Time_to_Buy_and_Sell_Stock_IV,https://raw.githubusercontent.com/jakehoare/leetcode/master/188_Best_Time_to_Buy_and_Sell_Stock_IV.py
189,1,189_Rotate_Array,https://raw.githubusercontent.com/jakehoare/leetcode/master/189_Rotate_Array.py
190,1,190_Reverse_Bits,https://raw.githubusercontent.com/jakehoare/leetcode/master/190_Reverse_Bits.py
191,1,191_Number_of_1_Bits,https://raw.githubusercontent.com/jakehoare/leetcode/master/191_Number_of_1_Bits.py
198,1,198_House_Robber,https://raw.githubusercontent.com/jakehoare/leetcode/master/198_House_Robber.py
199,2,199_Binary_Tree_Right_Side_View,https://raw.githubusercontent.com/jakehoare/leetcode/master/199_Binary_Tree_Right_Side_View.py
200,2,200_Number_of_Islands,https://raw.githubusercontent.com/jakehoare/leetcode/master/200_Number_of_Islands.py
201,2,201_Bitiwse_AND_of_Numbers_Range,https://raw.githubusercontent.com/jakehoare/leetcode/master/201_Bitiwse_AND_of_Numbers_Range.py
202,1,202_Happy_Number,https://raw.githubusercontent.com/jakehoare/leetcode/master/202_Happy_Number.py
203,1,203_Remove_Linked_List_Elements,https://raw.githubusercontent.com/jakehoare/leetcode/master/203_Remove_Linked_List_Elements.py
204,1,204_Count_Primes,https://raw.githubusercontent.com/jakehoare/leetcode/master/204_Count_Primes.py
205,1,205_Isomorphic_Strings,https://raw.githubusercontent.com/jakehoare/leetcode/master/205_Isomorphic_Strings.py
206,1,206_Reverse_Linked_List,https://raw.githubusercontent.com/jakehoare/leetcode/master/206_Reverse_Linked_List.py
207,2,207_Course_Schedule,https://raw.githubusercontent.com/jakehoare/leetcode/master/207_Course_Schedule.py
208,2,208_Implement_Trie_(Prefix_Tree),https://raw.githubusercontent.com/jakehoare/leetcode/master/208_Implement_Trie_(Prefix_Tree).py
209,2,209_Minimum_Size_Subarray_Sum,https://raw.githubusercontent.com/jakehoare/leetcode/master/209_Minimum_Size_Subarray_Sum.py
210,2,210_Course_Schedule_II,https://raw.githubusercontent.com/jakehoare/leetcode/master/210_Course_Schedule_II.py
211,2,211_Add_and_Search_Word_-_Data_structure_design,https://raw.githubusercontent.com/jakehoare/leetcode/master/211_Add_and_Search_Word_-_Data_structure_design.py
212,3,212_Word_Search_II,https://raw.githubusercontent.com/jakehoare/leetcode/master/212_Word_Search_II.py
213,2,213_House_Robber_II,https://raw.githubusercontent.com/jakehoare/leetcode/master/213_House_Robber_II.py
214,3,214_Shortest_Palindrome,https://raw.githubusercontent.com/jakehoare/leetcode/master/214_Shortest_Palindrome.py
215,2,215_Kth_Largest_in_an_Array,https://raw.githubusercontent.com/jakehoare/leetcode/master/215_Kth_Largest_in_an_Array.py
216,2,216_Combination_Sum_III,https://raw.githubusercontent.com/jakehoare/leetcode/master/216_Combination_Sum_III.py
218,3,218_The_Skyline_Problem,https://raw.githubusercontent.com/jakehoare/leetcode/master/218_The_Skyline_Problem.py
220,2,220_Contains_Duplicate_III,https://raw.githubusercontent.com/jakehoare/leetcode/master/220_Contains_Duplicate_III.py
221,2,221_Maximal_Square,https://raw.githubusercontent.com/jakehoare/leetcode/master/221_Maximal_Square.py
222,2,222_Count_Complete_Tree_Nodes,https://raw.githubusercontent.com/jakehoare/leetcode/master/222_Count_Complete_Tree_Nodes.py
224,3,224_Basic_Calculator,https://raw.githubusercontent.com/jakehoare/leetcode/master/224_Basic_Calculator.py
227,2,227_Basic_Calculator_II,https://raw.githubusercontent.com/jakehoare/leetcode/master/227_Basic_Calculator_II.py
228,2,228_Summary_Ranges,https://raw.githubusercontent.com/jakehoare/leetcode/master/228_Summary_Ranges.py
229,2,229_Majority_Element_II,https://raw.githubusercontent.com/jakehoare/leetcode/master/229_Majority_Element_II.py
230,2,230_Kth_Smallest_Element_in_a_BST,https://raw.githubusercontent.com/jakehoare/leetcode/master/230_Kth_Smallest_Element_in_a_BST.py
233,3,233_Number_of_Digit_One,https://raw.githubusercontent.com/jakehoare/leetcode/master/233_Number_of_Digit_One.py
236,2,236_Lowest_Common_Ancestor_of_a_Binary_Tree,https://raw.githubusercontent.com/jakehoare/leetcode/master/236_Lowest_Common_Ancestor_of_a_Binary_Tree.py
238,2,238_Product_of_Array_Except_Self,https://raw.githubusercontent.com/jakehoare/leetcode/master/238_Product_of_Array_Except_Self.py
239,3,239_Sliding_Window_Maximum,https://raw.githubusercontent.com/jakehoare/leetcode/master/239_Sliding_Window_Maximum.py
240,2,240_Search_a_2D_Matrix_II,https://raw.githubusercontent.com/jakehoare/leetcode/master/240_Search_a_2D_Matrix_II.py
241,2,241_Different_Ways_to_Add_Parentheses,https://raw.githubusercontent.com/jakehoare/leetcode/master/241_Different_Ways_to_Add_Parentheses.py
244,2,244_Shortest_Word_Distance_II,https://raw.githubusercontent.com/jakehoare/leetcode/master/244_Shortest_Word_Distance_II.py
245,2,245_Shortest_Word_Distance_III,https://raw.githubusercontent.com/jakehoare/leetcode/master/245_Shortest_Word_Distance_III.py
247,2,247_Strobogrammatic_Number_II,https://raw.githubusercontent.com/jakehoare/leetcode/master/247_Strobogrammatic_Number_II.py
248,3,248_Strobogrammatic_Number_III,https://raw.githubusercontent.com/jakehoare/leetcode/master/248_Strobogrammatic_Number_III.py
250,2,250_Count_Univalue_Subtrees,https://raw.githubusercontent.com/jakehoare/leetcode/master/250_Count_Univalue_Subtrees.py
251,2,251_Flatten_2D_Vector,https://raw.githubusercontent.com/jakehoare/leetcode/master/251_Flatten_2D_Vector.py
253,2,253_Meeting_Rooms_II,https://raw.githubusercontent.com/jakehoare/leetcode/master/253_Meeting_Rooms_II.py
254,2,254_Factor_Combinations,https://raw.githubusercontent.com/jakehoare/leetcode/master/254_Factor_Combinations.py
255,2,255_Verify_Preorder_Sequence_in_Binary_Search_Tree,https://raw.githubusercontent.com/jakehoare/leetcode/master/255_Verify_Preorder_Sequence_in_Binary_Search_Tree.py
256,1,256_Paint_House,https://raw.githubusercontent.com/jakehoare/leetcode/master/256_Paint_House.py
259,2,259_3Sum_Smaller,https://raw.githubusercontent.com/jakehoare/leetcode/master/259_3Sum_Smaller.py
260,2,260_Single_number_III,https://raw.githubusercontent.com/jakehoare/leetcode/master/260_Single_number_III.py
261,2,261_Graph_Valid_Tree,https://raw.githubusercontent.com/jakehoare/leetcode/master/261_Graph_Valid_Tree.py
265,3,265_Paint_House_II,https://raw.githubusercontent.com/jakehoare/leetcode/master/265_Paint_House_II.py
267,2,267_Palindrome_Permutation_II,https://raw.githubusercontent.com/jakehoare/leetcode/master/267_Palindrome_Permutation_II.py
268,1,268_Missing_Number,https://raw.githubusercontent.com/jakehoare/leetcode/master/268_Missing_Number.py
269,3,269_Alien_Dictionary,https://raw.githubusercontent.com/jakehoare/leetcode/master/269_Alien_Dictionary.py
271,2,271_Encode_and_Decode_Strings,https://raw.githubusercontent.com/jakehoare/leetcode/master/271_Encode_and_Decode_Strings.py
272,3,272_Closest_Binary_Search_Tree_Value_II,https://raw.githubusercontent.com/jakehoare/leetcode/master/272_Closest_Binary_Search_Tree_Value_II.py
273,3,273_Integer_to_English_Words,https://raw.githubusercontent.com/jakehoare/leetcode/master/273_Integer_to_English_Words.py
274,2,274_H-Index,https://raw.githubusercontent.com/jakehoare/leetcode/master/274_H-Index.py
275,2,275_H-Index_II,https://raw.githubusercontent.com/jakehoare/leetcode/master/275_H-Index_II.py
277,2,277_Find_the_Celebrity,https://raw.githubusercontent.com/jakehoare/leetcode/master/277_Find_the_Celebrity.py
279,2,279_Perfect_Squares,https://raw.githubusercontent.com/jakehoare/leetcode/master/279_Perfect_Squares.py
280,2,280_Wiggle_Sort,https://raw.githubusercontent.com/jakehoare/leetcode/master/280_Wiggle_Sort.py
281,2,281_Zigzag_Iterator,https://raw.githubusercontent.com/jakehoare/leetcode/master/281_Zigzag_Iterator.py
282,3,282_Expression_Add_Operators,https://raw.githubusercontent.com/jakehoare/leetcode/master/282_Expression_Add_Operators.py
284,2,284_Peeking_Iterator,https://raw.githubusercontent.com/jakehoare/leetcode/master/284_Peeking_Iterator.py
285,2,285_Inorder_Successor_in_BST,https://raw.githubusercontent.com/jakehoare/leetcode/master/285_Inorder_Successor_in_BST.py
286,2,286_Walls_and_Gates,https://raw.githubusercontent.com/jakehoare/leetcode/master/286_Walls_and_Gates.py
287,2,287_Find_the_Duplicate_Number,https://raw.githubusercontent.com/jakehoare/leetcode/master/287_Find_the_Duplicate_Number.py
289,2,289_Game_of_Life,https://raw.githubusercontent.com/jakehoare/leetcode/master/289_Game_of_Life.py
291,3,291_Word_Pattern_II,https://raw.githubusercontent.com/jakehoare/leetcode/master/291_Word_Pattern_II.py
294,2,294_Flip_Game_II,https://raw.githubusercontent.com/jakehoare/leetcode/master/294_Flip_Game_II.py
295,3,295_Find_Median_from_Data_Stream,https://raw.githubusercontent.com/jakehoare/leetcode/master/295_Find_Median_from_Data_Stream.py
296,3,296_Best_Meeting_Point,https://raw.githubusercontent.com/jakehoare/leetcode/master/296_Best_Meeting_Point.py
297,3,297_Serialize_and_Deserialize_Binary_Tree,https://raw.githubusercontent.com/jakehoare/leetcode/master/297_Serialize_and_Deserialize_Binary_Tree.py
298,2,298_Binary_Tree_Longest_Consecutive_Sequence,https://raw.githubusercontent.com/jakehoare/leetcode/master/298_Binary_Tree_Longest_Consecutive_Sequence.py
300,2,300_Longest_Increasing_Subsequence,https://raw.githubusercontent.com/jakehoare/leetcode/master/300_Longest_Increasing_Subsequence.py
301,3,301_Remove_Invalid_Parentheses,https://raw.githubusercontent.com/jakehoare/leetcode/master/301_Remove_Invalid_Parentheses.py
302,3,302_Smallest_Rectangle_Enclosing_Black_Pixels,https://raw.githubusercontent.com/jakehoare/leetcode/master/302_Smallest_Rectangle_Enclosing_Black_Pixels.py
304,2,304_Range_Sum_Query_2D-Immutable,https://raw.githubusercontent.com/jakehoare/leetcode/master/304_Range_Sum_Query_2D-Immutable.py
305,3,305_Number_of_Islands_II,https://raw.githubusercontent.com/jakehoare/leetcode/master/305_Number_of_Islands_II.py
306,2,306_Additive_Number,https://raw.githubusercontent.com/jakehoare/leetcode/master/306_Additive_Number.py
307,2,307_Range_Sum_Query-Mutable,https://raw.githubusercontent.com/jakehoare/leetcode/master/307_Range_Sum_Query-Mutable.py
308,3,308_Range_Sum_Query_2D-Mutable,https://raw.githubusercontent.com/jakehoare/leetcode/master/308_Range_Sum_Query_2D-Mutable.py
309,2,309_Best_Time_to_Buy_and_Sell_Stock_with_Cooldown,https://raw.githubusercontent.com/jakehoare/leetcode/master/309_Best_Time_to_Buy_and_Sell_Stock_with_Cooldown.py
310,2,310_Minimum_Height_Trees,https://raw.githubusercontent.com/jakehoare/leetcode/master/310_Minimum_Height_Trees.py
311,2,311_Sparse_Matrix_Multiplication,https://raw.githubusercontent.com/jakehoare/leetcode/master/311_Sparse_Matrix_Multiplication.py
312,3,312_Burst _Balloons,https://raw.githubusercontent.com/jakehoare/leetcode/master/312_Burst%20_Balloons.py
313,2,313_Super_Ugly_Number,https://raw.githubusercontent.com/jakehoare/leetcode/master/313_Super_Ugly_Number.py
314,2,314_Binary_Tree_Vertical_Order_Traversal,https://raw.githubusercontent.com/jakehoare/leetcode/master/314_Binary_Tree_Vertical_Order_Traversal.py
315,3,315_Count_of_Smaller_Numbers_After_Self,https://raw.githubusercontent.com/jakehoare/leetcode/master/315_Count_of_Smaller_Numbers_After_Self.py
316,3,316_Remove_Duplicate_Letters,https://raw.githubusercontent.com/jakehoare/leetcode/master/316_Remove_Duplicate_Letters.py
317,3,317_Shortest_Distance_from_All_Buildings,https://raw.githubusercontent.com/jakehoare/leetcode/master/317_Shortest_Distance_from_All_Buildings.py
318,2,318_Maximum_Product_of_Word_Lengths,https://raw.githubusercontent.com/jakehoare/leetcode/master/318_Maximum_Product_of_Word_Lengths.py
319,2,319_Bulb_Switcher,https://raw.githubusercontent.com/jakehoare/leetcode/master/319_Bulb_Switcher.py
320,2,320_Generalized_Abbreviation,https://raw.githubusercontent.com/jakehoare/leetcode/master/320_Generalized_Abbreviation.py
321,3,321_Create_Maximum_Number,https://raw.githubusercontent.com/jakehoare/leetcode/master/321_Create_Maximum_Number.py
322,2,322_Coin_Change,https://raw.githubusercontent.com/jakehoare/leetcode/master/322_Coin_Change.py
323,2,323_Number_of_Connected_Components_in_an_Undirected_Graph,https://raw.githubusercontent.com/jakehoare/leetcode/master/323_Number_of_Connected_Components_in_an_Undirected_Graph.py
324,2,324_Wiggle_Sort_II,https://raw.githubusercontent.com/jakehoare/leetcode/master/324_Wiggle_Sort_II.py
325,2,325_Maximum_Size_Subarray_Sum_Equals_k,https://raw.githubusercontent.com/jakehoare/leetcode/master/325_Maximum_Size_Subarray_Sum_Equals_k.py
327,3,327_Count_of_Range_Sum,https://raw.githubusercontent.com/jakehoare/leetcode/master/327_Count_of_Range_Sum.py
328,2,328_Odd_Even_Linked_List,https://raw.githubusercontent.com/jakehoare/leetcode/master/328_Odd_Even_Linked_List.py
329,3,329_Longest_Increasing_Path_in_a_Matrix,https://raw.githubusercontent.com/jakehoare/leetcode/master/329_Longest_Increasing_Path_in_a_Matrix.py
330,3,330_Patching_Array,https://raw.githubusercontent.com/jakehoare/leetcode/master/330_Patching_Array.py
331,2,331_Verify_Preorder_Serialization_of_a_Binary_Tree,https://raw.githubusercontent.com/jakehoare/leetcode/master/331_Verify_Preorder_Serialization_of_a_Binary_Tree.py
332,2,332_Reconstruct_Itinerary,https://raw.githubusercontent.com/jakehoare/leetcode/master/332_Reconstruct_Itinerary.py
333,2,333_Largest_BST_Subtree,https://raw.githubusercontent.com/jakehoare/leetcode/master/333_Largest_BST_Subtree.py
334,2,334_Increasing_Triplet_Subsequence,https://raw.githubusercontent.com/jakehoare/leetcode/master/334_Increasing_Triplet_Subsequence.py
335,3,335_Self_Crossing,https://raw.githubusercontent.com/jakehoare/leetcode/master/335_Self_Crossing.py
336,3,336_Palindrome_Pairs,https://raw.githubusercontent.com/jakehoare/leetcode/master/336_Palindrome_Pairs.py
337,2,337_House_Robber_III,https://raw.githubusercontent.com/jakehoare/leetcode/master/337_House_Robber_III.py
338,2,338_Counting_Bits,https://raw.githubusercontent.com/jakehoare/leetcode/master/338_Counting_Bits.py
340,3,340_Longest_Substring_with_At_Most_K_Distinct_Characters,https://raw.githubusercontent.com/jakehoare/leetcode/master/340_Longest_Substring_with_At_Most_K_Distinct_Characters.py
341,2,341_Flatten_Nested_List_Iterator,https://raw.githubusercontent.com/jakehoare/leetcode/master/341_Flatten_Nested_List_Iterator.py
343,2,343_Integer_Break,https://raw.githubusercontent.com/jakehoare/leetcode/master/343_Integer_Break.py
347,2,347_Top_K_Frequent_Elements,https://raw.githubusercontent.com/jakehoare/leetcode/master/347_Top_K_Frequent_Elements.py
348,2,348_Design_Tic-Tac-Toe,https://raw.githubusercontent.com/jakehoare/leetcode/master/348_Design_Tic-Tac-Toe.py
351,2,351_Android_Unlock_Patterns,https://raw.githubusercontent.com/jakehoare/leetcode/master/351_Android_Unlock_Patterns.py
352,3,352_Data_Stream_as_Disjoint_Intervals,https://raw.githubusercontent.com/jakehoare/leetcode/master/352_Data_Stream_as_Disjoint_Intervals.py
353,2,353_Design_Snake_Game,https://raw.githubusercontent.com/jakehoare/leetcode/master/353_Design_Snake_Game.py
354,3,354_Russian_Doll_Envelopes,https://raw.githubusercontent.com/jakehoare/leetcode/master/354_Russian_Doll_Envelopes.py
355,2,355_Design_Twitter,https://raw.githubusercontent.com/jakehoare/leetcode/master/355_Design_Twitter.py
356,2,356_Line_Reflection,https://raw.githubusercontent.com/jakehoare/leetcode/master/356_Line_Reflection.py
357,2,357_Count_Numbers_with_Unique_Digits,https://raw.githubusercontent.com/jakehoare/leetcode/master/357_Count_Numbers_with_Unique_Digits.py
358,3,358_Rearrange_String_k_Distance_Apart,https://raw.githubusercontent.com/jakehoare/leetcode/master/358_Rearrange_String_k_Distance_Apart.py
360,2,360_Sort_Transformed_Array,https://raw.githubusercontent.com/jakehoare/leetcode/master/360_Sort_Transformed_Array.py
361,2,361_Bomb_Enemy,https://raw.githubusercontent.com/jakehoare/leetcode/master/361_Bomb_Enemy.py
362,2,362_Design_Hit_Counter,https://raw.githubusercontent.com/jakehoare/leetcode/master/362_Design_Hit_Counter.py
363,3,363_Max_Sum_of_Rectangle_No_Larger_Than_K,https://raw.githubusercontent.com/jakehoare/leetcode/master/363_Max_Sum_of_Rectangle_No_Larger_Than_K.py
364,2,364_Nested_List_Weight_Sum_II,https://raw.githubusercontent.com/jakehoare/leetcode/master/364_Nested_List_Weight_Sum_II.py
365,2,365_Water_And_Jug_Problem,https://raw.githubusercontent.com/jakehoare/leetcode/master/365_Water_And_Jug_Problem.py
366,2,366_Find_Leaves_of_Binary_Tree,https://raw.githubusercontent.com/jakehoare/leetcode/master/366_Find_Leaves_of_Binary_Tree.py
368,2,368_Largest_Divisible_Subset,https://raw.githubusercontent.com/jakehoare/leetcode/master/368_Largest_Divisible_Subset.py
369,2,369_Plus_One_Linked_List,https://raw.githubusercontent.com/jakehoare/leetcode/master/369_Plus_One_Linked_List.py
370,2,370_Range_Addition,https://raw.githubusercontent.com/jakehoare/leetcode/master/370_Range_Addition.py
372,2,372_Super_Pow,https://raw.githubusercontent.com/jakehoare/leetcode/master/372_Super_Pow.py
373,2,373_Find_K_Pairs_With_Smallest_Sums,https://raw.githubusercontent.com/jakehoare/leetcode/master/373_Find_K_Pairs_With_Smallest_Sums.py
375,2,375_Guess_Number_Higher_or_Lower_II,https://raw.githubusercontent.com/jakehoare/leetcode/master/375_Guess_Number_Higher_or_Lower_II.py
376,2,376_Wiggle_Subsequence,https://raw.githubusercontent.com/jakehoare/leetcode/master/376_Wiggle_Subsequence.py
377,2,377_Combination_Sum_IV,https://raw.githubusercontent.com/jakehoare/leetcode/master/377_Combination_Sum_IV.py
378,2,378_Kth_Smallest_Element_in_a_Sorted_Matrix,https://raw.githubusercontent.com/jakehoare/leetcode/master/378_Kth_Smallest_Element_in_a_Sorted_Matrix.py
379,2,379_Design_Phone_Directory,https://raw.githubusercontent.com/jakehoare/leetcode/master/379_Design_Phone_Directory.py
380,2,380_Insert_Delete_GetRandom_O(1),https://raw.githubusercontent.com/jakehoare/leetcode/master/380_Insert_Delete_GetRandom_O(1).py
381,3,381_Insert_Delete_GetRandom_O(1)_Duplicates_Allowed,https://raw.githubusercontent.com/jakehoare/leetcode/master/381_Insert_Delete_GetRandom_O(1)_Duplicates_Allowed.py
382,2,382_Linked_List_Random_Node,https://raw.githubusercontent.com/jakehoare/leetcode/master/382_Linked_List_Random_Node.py
384,2,384_Shuffle_an_Array,https://raw.githubusercontent.com/jakehoare/leetcode/master/384_Shuffle_an_Array.py
385,2,385_Mini_Parser,https://raw.githubusercontent.com/jakehoare/leetcode/master/385_Mini_Parser.py
386,2,386_Lexicographical_Numbers,https://raw.githubusercontent.com/jakehoare/leetcode/master/386_Lexicographical_Numbers.py
388,2,388_Longest_Absolute_File_Path,https://raw.githubusercontent.com/jakehoare/leetcode/master/388_Longest_Absolute_File_Path.py
390,2,390_Elimination_Game,https://raw.githubusercontent.com/jakehoare/leetcode/master/390_Elimination_Game.py
391,3,391_Perfect_Rectangle,https://raw.githubusercontent.com/jakehoare/leetcode/master/391_Perfect_Rectangle.py
392,2,392_Is_Subsequence,https://raw.githubusercontent.com/jakehoare/leetcode/master/392_Is_Subsequence.py
393,2,393_UTF-8_Validation,https://raw.githubusercontent.com/jakehoare/leetcode/master/393_UTF-8_Validation.py
394,2,394_Decode_String,https://raw.githubusercontent.com/jakehoare/leetcode/master/394_Decode_String.py
395,2,395_Longest_Substring_with_At_Least_K_Repeating_Characters,https://raw.githubusercontent.com/jakehoare/leetcode/master/395_Longest_Substring_with_At_Least_K_Repeating_Characters.py
396,2,396_Rotate_Function,https://raw.githubusercontent.com/jakehoare/leetcode/master/396_Rotate_Function.py
397,2,397_Integer_Replacement,https://raw.githubusercontent.com/jakehoare/leetcode/master/397_Integer_Replacement.py
398,2,398_Random_Pick_Index,https://raw.githubusercontent.com/jakehoare/leetcode/master/398_Random_Pick_Index.py
399,2,399_Evaluate_Division,https://raw.githubusercontent.com/jakehoare/leetcode/master/399_Evaluate_Division.py
402,2,402_Remove_K_Digits,https://raw.githubusercontent.com/jakehoare/leetcode/master/402_Remove_K_Digits.py
403,3,403_Frog_Jump,https://raw.githubusercontent.com/jakehoare/leetcode/master/403_Frog_Jump.py
406,2,406_Queue_Reconstruction_by_Height,https://raw.githubusercontent.com/jakehoare/leetcode/master/406_Queue_Reconstruction_by_Height.py
407,3,407_Trapping_Rain_Water_II,https://raw.githubusercontent.com/jakehoare/leetcode/master/407_Trapping_Rain_Water_II.py
410,3,410_Split_Array_Largest_Sum,https://raw.githubusercontent.com/jakehoare/leetcode/master/410_Split_Array_Largest_Sum.py
411,3,411_Minimum_Unique_Word_Abbreviation,https://raw.githubusercontent.com/jakehoare/leetcode/master/411_Minimum_Unique_Word_Abbreviation.py
413,2,413_Arithmetic_Slices,https://raw.githubusercontent.com/jakehoare/leetcode/master/413_Arithmetic_Slices.py
416,2,416_Partition_Equal_Subset_Sum,https://raw.githubusercontent.com/jakehoare/leetcode/master/416_Partition_Equal_Subset_Sum.py
417,2,417_Pacific_Atlantic_Water_Flow,https://raw.githubusercontent.com/jakehoare/leetcode/master/417_Pacific_Atlantic_Water_Flow.py
418,2,418_Sentence_Screen_Fitting,https://raw.githubusercontent.com/jakehoare/leetcode/master/418_Sentence_Screen_Fitting.py
419,2,419_Battleships_in_a_Board,https://raw.githubusercontent.com/jakehoare/leetcode/master/419_Battleships_in_a_Board.py
420,3,420_Strong_Password_Checker,https://raw.githubusercontent.com/jakehoare/leetcode/master/420_Strong_Password_Checker.py
421,2,421_Maximum_XOR_of_Two_Numbers_in_an_Array,https://raw.githubusercontent.com/jakehoare/leetcode/master/421_Maximum_XOR_of_Two_Numbers_in_an_Array.py
423,2,423_Reconstruct_Original_Digits_from_English,https://raw.githubusercontent.com/jakehoare/leetcode/master/423_Reconstruct_Original_Digits_from_English.py
424,2,424_Longest_Repeating_Character_Replacement,https://raw.githubusercontent.com/jakehoare/leetcode/master/424_Longest_Repeating_Character_Replacement.py
425,3,425_Word_Squares,https://raw.githubusercontent.com/jakehoare/leetcode/master/425_Word_Squares.py
432,3,432_All_Oone_Data_Structure,https://raw.githubusercontent.com/jakehoare/leetcode/master/432_All_Oone_Data_Structure.py
433,2,433_Minimum_Genetic_Mutation,https://raw.githubusercontent.com/jakehoare/leetcode/master/433_Minimum_Genetic_Mutation.py
435,2,435_Non-overlppaping_Intervals,https://raw.githubusercontent.com/jakehoare/leetcode/master/435_Non-overlppaping_Intervals.py
436,2,436_Find_Right_Interval,https://raw.githubusercontent.com/jakehoare/leetcode/master/436_Find_Right_Interval.py
439,2,439_Ternary_Expression_Parser,https://raw.githubusercontent.com/jakehoare/leetcode/master/439_Ternary_Expression_Parser.py
440,3,440_K-th_Smallest_in_Lexicographical_Order,https://raw.githubusercontent.com/jakehoare/leetcode/master/440_K-th_Smallest_in_Lexicographical_Order.py
442,2,442_Find_All_Duplicates_in_an_Array,https://raw.githubusercontent.com/jakehoare/leetcode/master/442_Find_All_Duplicates_in_an_Array.py
444,2,444_Sequence_Reconstruction,https://raw.githubusercontent.com/jakehoare/leetcode/master/444_Sequence_Reconstruction.py
446,3,446_Arithmetic_Slices_II-Subsequence,https://raw.githubusercontent.com/jakehoare/leetcode/master/446_Arithmetic_Slices_II-Subsequence.py
449,2,449_Serialize_and_Deserialize_BST,https://raw.githubusercontent.com/jakehoare/leetcode/master/449_Serialize_and_Deserialize_BST.py
450,2,450_Delete_Node_in_a_BST,https://raw.githubusercontent.com/jakehoare/leetcode/master/450_Delete_Node_in_a_BST.py
451,2,451_Sort_Characters_by_Frquency,https://raw.githubusercontent.com/jakehoare/leetcode/master/451_Sort_Characters_by_Frquency.py
452,2,452_Minimum_Number_of_Arrows_to_Burst_Balloons,https://raw.githubusercontent.com/jakehoare/leetcode/master/452_Minimum_Number_of_Arrows_to_Burst_Balloons.py
454,2,454_4Sum_II,https://raw.githubusercontent.com/jakehoare/leetcode/master/454_4Sum_II.py
456,2,456_132_Pattern,https://raw.githubusercontent.com/jakehoare/leetcode/master/456_132_Pattern.py
460,3,460_LFU_Cache,https://raw.githubusercontent.com/jakehoare/leetcode/master/460_LFU_Cache.py
462,2,462_Minimum_Moves_to_Equal_Array_Elements_II,https://raw.githubusercontent.com/jakehoare/leetcode/master/462_Minimum_Moves_to_Equal_Array_Elements_II.py
464,2,464_Can_I_Win,https://raw.githubusercontent.com/jakehoare/leetcode/master/464_Can_I_Win.py
466,3,466_Count_The_Repetition,https://raw.githubusercontent.com/jakehoare/leetcode/master/466_Count_The_Repetition.py
467,2,467_Unique_Substrings_in_Wraparound_String,https://raw.githubusercontent.com/jakehoare/leetcode/master/467_Unique_Substrings_in_Wraparound_String.py
468,2,468_Validate_IP_Address,https://raw.githubusercontent.com/jakehoare/leetcode/master/468_Validate_IP_Address.py
469,2,469_Convex_Polygon,https://raw.githubusercontent.com/jakehoare/leetcode/master/469_Convex_Polygon.py
471,3,471_Encode_String_With_Shortest_Length,https://raw.githubusercontent.com/jakehoare/leetcode/master/471_Encode_String_With_Shortest_Length.py
472,3,472_Concatenated_Words,https://raw.githubusercontent.com/jakehoare/leetcode/master/472_Concatenated_Words.py
473,2,473_Matchsticks_to_Square,https://raw.githubusercontent.com/jakehoare/leetcode/master/473_Matchsticks_to_Square.py
474,2,474_Ones_and_Zeros,https://raw.githubusercontent.com/jakehoare/leetcode/master/474_Ones_and_Zeros.py
477,2,477_Total_Hamming_Diatance,https://raw.githubusercontent.com/jakehoare/leetcode/master/477_Total_Hamming_Diatance.py
480,3,480_Sliding_Window_Median,https://raw.githubusercontent.com/jakehoare/leetcode/master/480_Sliding_Window_Median.py
481,2,481_Magical_String,https://raw.githubusercontent.com/jakehoare/leetcode/master/481_Magical_String.py
482,1,482_License_Key_Formatting,https://raw.githubusercontent.com/jakehoare/leetcode/master/482_License_Key_Formatting.py
483,3,483_Smallest_Good_Base,https://raw.githubusercontent.com/jakehoare/leetcode/master/483_Smallest_Good_Base.py
484,2,484_Find_Permutation,https://raw.githubusercontent.com/jakehoare/leetcode/master/484_Find_Permutation.py
486,2,486_Predict_the_Winner,https://raw.githubusercontent.com/jakehoare/leetcode/master/486_Predict_the_Winner.py
487,2,487_Max_Consecutive_Ones_II,https://raw.githubusercontent.com/jakehoare/leetcode/master/487_Max_Consecutive_Ones_II.py
488,3,488_Zuma_Game,https://raw.githubusercontent.com/jakehoare/leetcode/master/488_Zuma_Game.py
490,2,490_The_Maze,https://raw.githubusercontent.com/jakehoare/leetcode/master/490_The_Maze.py
491,2,491_Increasing_Subsequences,https://raw.githubusercontent.com/jakehoare/leetcode/master/491_Increasing_Subsequences.py
493,3,493_Reverse_Pairs,https://raw.githubusercontent.com/jakehoare/leetcode/master/493_Reverse_Pairs.py
494,2,494_Target_Sum,https://raw.githubusercontent.com/jakehoare/leetcode/master/494_Target_Sum.py
495,2,495_Teemo_Attacking,https://raw.githubusercontent.com/jakehoare/leetcode/master/495_Teemo_Attacking.py
498,2,498_Diagonal_Traverse,https://raw.githubusercontent.com/jakehoare/leetcode/master/498_Diagonal_Traverse.py
499,3,499_The_Maze_III,https://raw.githubusercontent.com/jakehoare/leetcode/master/499_The_Maze_III.py
502,3,502_IPO,https://raw.githubusercontent.com/jakehoare/leetcode/master/502_IPO.py
503,2,503_Next_Grater_Element_II,https://raw.githubusercontent.com/jakehoare/leetcode/master/503_Next_Grater_Element_II.py
505,2,505_The_Maze_II,https://raw.githubusercontent.com/jakehoare/leetcode/master/505_The_Maze_II.py
508,2,508_Most_Frequent_Subtree_Sum,https://raw.githubusercontent.com/jakehoare/leetcode/master/508_Most_Frequent_Subtree_Sum.py
513,2,513_Find_Bottom_Left_Tree_Value,https://raw.githubusercontent.com/jakehoare/leetcode/master/513_Find_Bottom_Left_Tree_Value.py
514,3,514_Freedom_Trail,https://raw.githubusercontent.com/jakehoare/leetcode/master/514_Freedom_Trail.py
515,2,515_Find_Largest_Value_in_Each_Tree_Row,https://raw.githubusercontent.com/jakehoare/leetcode/master/515_Find_Largest_Value_in_Each_Tree_Row.py
516,2,516_Longest_Palindromic_Subsequence,https://raw.githubusercontent.com/jakehoare/leetcode/master/516_Longest_Palindromic_Subsequence.py
517,3,517_Super_Washing_Machines,https://raw.githubusercontent.com/jakehoare/leetcode/master/517_Super_Washing_Machines.py
522,2,522_Longest_Uncommon_Subsequence_II,https://raw.githubusercontent.com/jakehoare/leetcode/master/522_Longest_Uncommon_Subsequence_II.py
523,2,523_Continuous_Subarray_Sum,https://raw.githubusercontent.com/jakehoare/leetcode/master/523_Continuous_Subarray_Sum.py
524,2,524_Longest_Word_in_Dictionary_through_Deleting,https://raw.githubusercontent.com/jakehoare/leetcode/master/524_Longest_Word_in_Dictionary_through_Deleting.py
525,2,525_Contiguous_Array,https://raw.githubusercontent.com/jakehoare/leetcode/master/525_Contiguous_Array.py
526,2,526_Beautiful_Arrangement,https://raw.githubusercontent.com/jakehoare/leetcode/master/526_Beautiful_Arrangement.py
527,3,527_Word_Abbreviation,https://raw.githubusercontent.com/jakehoare/leetcode/master/527_Word_Abbreviation.py
529,2,529_Minesweeper,https://raw.githubusercontent.com/jakehoare/leetcode/master/529_Minesweeper.py
531,2,531_Lonely_Pixel_I,https://raw.githubusercontent.com/jakehoare/leetcode/master/531_Lonely_Pixel_I.py
533,2,533_Lonely_Pixel_II,https://raw.githubusercontent.com/jakehoare/leetcode/master/533_Lonely_Pixel_II.py
535,2,535_Encode_and_Decode_TinyURL,https://raw.githubusercontent.com/jakehoare/leetcode/master/535_Encode_and_Decode_TinyURL.py
536,2,536_Construct_Binary_Tree_from_String,https://raw.githubusercontent.com/jakehoare/leetcode/master/536_Construct_Binary_Tree_from_String.py
537,2,537_Complex_Number_Multiplication,https://raw.githubusercontent.com/jakehoare/leetcode/master/537_Complex_Number_Multiplication.py
537,2,537_Friend_Circles,https://raw.githubusercontent.com/jakehoare/leetcode/master/537_Friend_Circles.py
538,1,538_Convet_BST_to_Greater_Tree,https://raw.githubusercontent.com/jakehoare/leetcode/master/538_Convet_BST_to_Greater_Tree.py
539,2,539_Minimum_Time_Difference,https://raw.githubusercontent.com/jakehoare/leetcode/master/539_Minimum_Time_Difference.py
540,2,540_Single_Element_in_a_Sorted_Array,https://raw.githubusercontent.com/jakehoare/leetcode/master/540_Single_Element_in_a_Sorted_Array.py
542,2,542_01_Matrix,https://raw.githubusercontent.com/jakehoare/leetcode/master/542_01_Matrix.py
544,2,544_Output_Contest_Matches,https://raw.githubusercontent.com/jakehoare/leetcode/master/544_Output_Contest_Matches.py
545,2,545_Boundary_of_Binary_Tree,https://raw.githubusercontent.com/jakehoare/leetcode/master/545_Boundary_of_Binary_Tree.py
546,3,546_Remove_Boxes,https://raw.githubusercontent.com/jakehoare/leetcode/master/546_Remove_Boxes.py
548,2,548_Split_Array_with_Equal_Sum,https://raw.githubusercontent.com/jakehoare/leetcode/master/548_Split_Array_with_Equal_Sum.py
549,2,549_Binary_Tree_Longest_Consecutive_Sequence_II,https://raw.githubusercontent.com/jakehoare/leetcode/master/549_Binary_Tree_Longest_Consecutive_Sequence_II.py
552,3,552_Student_Attendance_Record_II,https://raw.githubusercontent.com/jakehoare/leetcode/master/552_Student_Attendance_Record_II.py
553,2,553_Optimal_Division,https://raw.githubusercontent.com/jakehoare/leetcode/master/553_Optimal_Division.py
554,2,554_Brick_Wall,https://raw.githubusercontent.com/jakehoare/leetcode/master/554_Brick_Wall.py
555,2,555_Split_Concetenated_Strings,https://raw.githubusercontent.com/jakehoare/leetcode/master/555_Split_Concetenated_Strings.py
556,2,556_Next_Greater_Element_III,https://raw.githubusercontent.com/jakehoare/leetcode/master/556_Next_Greater_Element_III.py
560,2,560_Subarray_Sum_Equals_K,https://raw.githubusercontent.com/jakehoare/leetcode/master/560_Subarray_Sum_Equals_K.py
562,2,562_Longest_Line_of_Consecutive_One_in_Matrix,https://raw.githubusercontent.com/jakehoare/leetcode/master/562_Longest_Line_of_Consecutive_One_in_Matrix.py
564,3,564_Find_the_Closest_Palindrome,https://raw.githubusercontent.com/jakehoare/leetcode/master/564_Find_the_Closest_Palindrome.py
567,2,567_Permutation_in_String,https://raw.githubusercontent.com/jakehoare/leetcode/master/567_Permutation_in_String.py
568,3,568_Maximum_Vacation_Days,https://raw.githubusercontent.com/jakehoare/leetcode/master/568_Maximum_Vacation_Days.py
573,2,573_Squirrel_Simulation,https://raw.githubusercontent.com/jakehoare/leetcode/master/573_Squirrel_Simulation.py
576,2,576_Out_of_Boundary_Paths,https://raw.githubusercontent.com/jakehoare/leetcode/master/576_Out_of_Boundary_Paths.py
582,2,582_Kill_Process,https://raw.githubusercontent.com/jakehoare/leetcode/master/582_Kill_Process.py
583,2,583_Delete_Operation_for_Two_Strings,https://raw.githubusercontent.com/jakehoare/leetcode/master/583_Delete_Operation_for_Two_Strings.py
587,3,587_Erect_The_Fence,https://raw.githubusercontent.com/jakehoare/leetcode/master/587_Erect_The_Fence.py
588,3,588_Design_In-Memory_File_System,https://raw.githubusercontent.com/jakehoare/leetcode/master/588_Design_In-Memory_File_System.py
591,3,591_Tag_Validator,https://raw.githubusercontent.com/jakehoare/leetcode/master/591_Tag_Validator.py
592,2,592_Fraction_Addition_And_Subtraction,https://raw.githubusercontent.com/jakehoare/leetcode/master/592_Fraction_Addition_And_Subtraction.py
593,2,593_Valid_Square,https://raw.githubusercontent.com/jakehoare/leetcode/master/593_Valid_Square.py
600,3,600_Non-negative_Integers_without_Consecutive_Ones,https://raw.githubusercontent.com/jakehoare/leetcode/master/600_Non-negative_Integers_without_Consecutive_Ones.py
609,2,609_Find_Duplicate_File_in_System,https://raw.githubusercontent.com/jakehoare/leetcode/master/609_Find_Duplicate_File_in_System.py
611,2,611_Valid_Triangle_Number,https://raw.githubusercontent.com/jakehoare/leetcode/master/611_Valid_Triangle_Number.py
616,2,616_Add_Bold_Tag_in_String,https://raw.githubusercontent.com/jakehoare/leetcode/master/616_Add_Bold_Tag_in_String.py
621,2,621_Task_Scheduler,https://raw.githubusercontent.com/jakehoare/leetcode/master/621_Task_Scheduler.py
623,2,623_Add_One_Row_to_Tree,https://raw.githubusercontent.com/jakehoare/leetcode/master/623_Add_One_Row_to_Tree.py
625,2,625_Minimum_Factorization,https://raw.githubusercontent.com/jakehoare/leetcode/master/625_Minimum_Factorization.py
629,3,629_K_Inverse_Pairs_Array,https://raw.githubusercontent.com/jakehoare/leetcode/master/629_K_Inverse_Pairs_Array.py
630,3,630_Course_Schedule_III,https://raw.githubusercontent.com/jakehoare/leetcode/master/630_Course_Schedule_III.py
631,3,631_Design_Excel_Sum_Formula,https://raw.githubusercontent.com/jakehoare/leetcode/master/631_Design_Excel_Sum_Formula.py
632,3,632_Smallest_Range,https://raw.githubusercontent.com/jakehoare/leetcode/master/632_Smallest_Range.py
634,2,634_Find_the_Derangement_of_An_Array,https://raw.githubusercontent.com/jakehoare/leetcode/master/634_Find_the_Derangement_of_An_Array.py
635,2,635_Design_Log_Storage_Function,https://raw.githubusercontent.com/jakehoare/leetcode/master/635_Design_Log_Storage_Function.py
636,2,636_Exclusive_Time_of_Functions,https://raw.githubusercontent.com/jakehoare/leetcode/master/636_Exclusive_Time_of_Functions.py
638,2,638_Shopping_Offers,https://raw.githubusercontent.com/jakehoare/leetcode/master/638_Shopping_Offers.py
639,3,639_Decode_Ways_II,https://raw.githubusercontent.com/jakehoare/leetcode/master/639_Decode_Ways_II.py
640,2,640_Solve_the_Equation,https://raw.githubusercontent.com/jakehoare/leetcode/master/640_Solve_the_Equation.py
642,3,642_Design_Search_Autocomplete_System,https://raw.githubusercontent.com/jakehoare/leetcode/master/642_Design_Search_Autocomplete_System.py
644,3,644_Maximum_Average_Subarray_II,https://raw.githubusercontent.com/jakehoare/leetcode/master/644_Maximum_Average_Subarray_II.py
646,2,646_Maximum_Length_of_Pair_Chain,https://raw.githubusercontent.com/jakehoare/leetcode/master/646_Maximum_Length_of_Pair_Chain.py
647,2,647_Palindromic_Substrings,https://raw.githubusercontent.com/jakehoare/leetcode/master/647_Palindromic_Substrings.py
648,2,648_Replace_Words,https://raw.githubusercontent.com/jakehoare/leetcode/master/648_Replace_Words.py
649,2,649_Dota2_Senate,https://raw.githubusercontent.com/jakehoare/leetcode/master/649_Dota2_Senate.py
650,2,650_2_Keys_Keyboard,https://raw.githubusercontent.com/jakehoare/leetcode/master/650_2_Keys_Keyboard.py
651,2,651_4_Keys_Keyboard,https://raw.githubusercontent.com/jakehoare/leetcode/master/651_4_Keys_Keyboard.py
652,2,652_Find_Duplicate_Subtrees,https://raw.githubusercontent.com/jakehoare/leetcode/master/652_Find_Duplicate_Subtrees.py
654,2,654_Maximim_Binary_Tree,https://raw.githubusercontent.com/jakehoare/leetcode/master/654_Maximim_Binary_Tree.py
655,2,655_Print_Binary_Tree,https://raw.githubusercontent.com/jakehoare/leetcode/master/655_Print_Binary_Tree.py
656,3,656_Coin_Path,https://raw.githubusercontent.com/jakehoare/leetcode/master/656_Coin_Path.py
658,2,658_Find_K_Closest_Elements,https://raw.githubusercontent.com/jakehoare/leetcode/master/658_Find_K_Closest_Elements.py
659,2,659_Split_Array_into_Consecutive_Subsequences,https://raw.githubusercontent.com/jakehoare/leetcode/master/659_Split_Array_into_Consecutive_Subsequences.py
660,3,660_Remove_9,https://raw.githubusercontent.com/jakehoare/leetcode/master/660_Remove_9.py
662,2,662_Maximum_Width_of_Binary_Tree,https://raw.githubusercontent.com/jakehoare/leetcode/master/662_Maximum_Width_of_Binary_Tree.py
691,3,691_Stickers_to_Spell_Word,https://raw.githubusercontent.com/jakehoare/leetcode/master/691_Stickers_to_Spell_Word.py
692,2,692_Top_K_Frequent_Words,https://raw.githubusercontent.com/jakehoare/leetcode/master/692_Top_K_Frequent_Words.py
694,2,694_Number_of_Distinct_Islands,https://raw.githubusercontent.com/jakehoare/leetcode/master/694_Number_of_Distinct_Islands.py
698,2,698_Partion_to_K_Equal_Sum_Subsets,https://raw.githubusercontent.com/jakehoare/leetcode/master/698_Partion_to_K_Equal_Sum_Subsets.py
699,3,699_Falling_Squares,https://raw.githubusercontent.com/jakehoare/leetcode/master/699_Falling_Squares.py
711,3,711_Number_of_Distinct_Islands_II,https://raw.githubusercontent.com/jakehoare/leetcode/master/711_Number_of_Distinct_Islands_II.py
712,2,712_Minimum_ASCII_Delete_Sum_for_Two_Strings,https://raw.githubusercontent.com/jakehoare/leetcode/master/712_Minimum_ASCII_Delete_Sum_for_Two_Strings.py
713,2,713_Subarray_Product_Less_Than_K,https://raw.githubusercontent.com/jakehoare/leetcode/master/713_Subarray_Product_Less_Than_K.py
714,2,714_Best_Time_to_Buy_and_Sell_Stock_with_Transaction_Fee,https://raw.githubusercontent.com/jakehoare/leetcode/master/714_Best_Time_to_Buy_and_Sell_Stock_with_Transaction_Fee.py
715,3,715_Range_Module,https://raw.githubusercontent.com/jakehoare/leetcode/master/715_Range_Module.py
716,3,716_Max_Stack,https://raw.githubusercontent.com/jakehoare/leetcode/master/716_Max_Stack.py
718,2,718_Maximum_Length_of_Repeated_Subarray,https://raw.githubusercontent.com/jakehoare/leetcode/master/718_Maximum_Length_of_Repeated_Subarray.py
719,3,719_Find_K-th_Smallest_Pair_Distance,https://raw.githubusercontent.com/jakehoare/leetcode/master/719_Find_K-th_Smallest_Pair_Distance.py
721,2,721_Accounts_Merge,https://raw.githubusercontent.com/jakehoare/leetcode/master/721_Accounts_Merge.py
722,2,722_Remove_Comments,https://raw.githubusercontent.com/jakehoare/leetcode/master/722_Remove_Comments.py
723,2,723_Candy_Crush,https://raw.githubusercontent.com/jakehoare/leetcode/master/723_Candy_Crush.py
725,2,725_Split_Linked_List_in_Parts,https://raw.githubusercontent.com/jakehoare/leetcode/master/725_Split_Linked_List_in_Parts.py
726,3,726_Number_of_Atoms,https://raw.githubusercontent.com/jakehoare/leetcode/master/726_Number_of_Atoms.py
727,3,727_Minimum_Window_Substring,https://raw.githubusercontent.com/jakehoare/leetcode/master/727_Minimum_Window_Substring.py
729,2,729_My_Calendar_I,https://raw.githubusercontent.com/jakehoare/leetcode/master/729_My_Calendar_I.py
730,3,730_Count_Different_Palindromic_Subsequences,https://raw.githubusercontent.com/jakehoare/leetcode/master/730_Count_Different_Palindromic_Subsequences.py
731,2,731_My_Calendar_II,https://raw.githubusercontent.com/jakehoare/leetcode/master/731_My_Calendar_II.py
732,3,732_My_Calendar_III,https://raw.githubusercontent.com/jakehoare/leetcode/master/732_My_Calendar_III.py
735,2,735_Asteroid_Collision,https://raw.githubusercontent.com/jakehoare/leetcode/master/735_Asteroid_Collision.py
